Timestamp,NOBITEX Last Update Time ,RAMZINEX Last Update Time,Exchange,Symbol (NOBITEX),Pair ID (RAMZINEX),Lowest Ask Price (NOBITEX),Highest Bid Price (NOBITEX),Lowest Ask Price (RAMZINEX),Highest Bid Price (RAMZINEX),Lowest Ask Volume(NOBITEX),Highest Bid Volume (NOBITEX),Lowest Ask Volume (RAMZINEX),Highest Bid Volume (RAMZINEX),Benefit,Percent,Action,Nobitex To Ramzinex Unit Ratio,Buy Price,Sell Price,Buy Side,Sell Side,Our trading volume
2023-12-23 14:51:04,0,0,NOBITEX-RAMZINEX,AAVEUSDT,37,95.74,95.73,97.3,96.4,8.626,18.2,6.1875,7.242187,4.779843420000079,1.0068936703572176,1,1,95.74,96.4,mexc,ramzinex,7.242187
2023-12-23 14:51:04,0,0,NOBITEX-RAMZINEX,LTCUSDT,15,71.87,71.86,72.56,71.94,229.9347,329.541,0.341,9.281,0.6496699999999367,1.0009739807986642,1,1,71.87,71.94,mexc,ramzinex,9.281
2023-12-23 14:51:04,0,0,NOBITEX-RAMZINEX,FTTUSDT,362,3.5663,3.566,3.592,3.574,28.5,342.14,400,326.213,0.21944999999999482,1.0021591004682724,1,1,3.5663,3.574,mexc,ramzinex,28.5
2023-12-23 14:51:04,0,0,NOBITEX-RAMZINEX,MATICUSDT,363,0.839,0.8389,0.8432,0.84,78379.5,3653.53,1235.52,1235.52,1.235520000000001,1.0011918951132301,1,1,0.839,0.84,mexc,ramzinex,1235.52
2023-12-23 14:51:04,0,0,NOBITEX-RAMZINEX,USTCUSDT,393,0.03572,0.03569,0.065,0.053858,115815.38,116493.16,368,100,1.8138,1.5077827547592386,1,1,0.03572,0.053858,mexc,ramzinex,100.0
2023-12-23 14:51:04,0,0,NOBITEX-RAMZINEX,COMPUSDT,170,52.35,52.34,52.89,52.41,43.66,45.43,8.25,12.065624,0.7239374399999416,1.0011461318051575,1,1,52.35,52.41,mexc,ramzinex,12.065624
2023-12-23 14:51:04,0,0,NOBITEX-RAMZINEX,BSVUSDT,182,49.5001,49.5,49.3,33.31,124.1938,18.27134,0.10055,2.66968,0.020110000000000287,1.004056795131846,1,1,49.3,49.5,ramzinex,mexc,0.10055
2023-12-23 14:51:04,0,0,NOBITEX-RAMZINEX,SOLUSDT,218,94.85,94.84,95.9,95.03,325.66,549.65,20.475,18.45,3.321000000000126,1.001897733263047,1,1,94.85,95.03,mexc,ramzinex,18.45
2023-12-23 14:51:07,0,0,NOBITEX-RAMZINEX,AAVEUSDT,37,95.73,95.72,97.3,96.4,18.428,186.719,6.1875,7.242187,4.8522652900000125,1.0069988509349213,0,1,95.73,96.4,mexc,ramzinex,7.242187
2023-12-23 14:51:07,0,0,NOBITEX-RAMZINEX,LTCUSDT,15,71.87,71.86,72.56,71.94,229.9347,383.7727,0.341,9.281,0.6496699999999367,1.0009739807986642,0,1,71.87,71.94,mexc,ramzinex,9.281
2023-12-23 14:51:07,0,0,NOBITEX-RAMZINEX,FTTUSDT,362,3.5663,3.5661,3.592,3.574,28.5,342.14,400,326.213,0.21944999999999482,1.0021591004682724,0,1,3.5663,3.574,mexc,ramzinex,28.5
2023-12-23 14:51:07,0,0,NOBITEX-RAMZINEX,MATICUSDT,363,0.8388,0.8387,0.8432,0.84,65064.22,26699.4,1235.52,1235.52,1.482623999999974,1.0014306151645207,0,1,0.8388,0.84,mexc,ramzinex,1235.52
2023-12-23 14:51:07,0,0,NOBITEX-RAMZINEX,USTCUSDT,393,0.03571,0.03568,0.065,0.053858,128401.78,158404.28,368,100,1.8148000000000004,1.508204984598152,0,1,0.03571,0.053858,mexc,ramzinex,100.0
2023-12-23 14:51:07,0,0,NOBITEX-RAMZINEX,COMPUSDT,170,52.34,52.33,52.89,52.41,38.747,2889.675,8.25,12.065624,0.8445936799999176,1.0013374092472296,0,1,52.34,52.41,mexc,ramzinex,12.065624
2023-12-23 14:51:07,0,0,NOBITEX-RAMZINEX,BSVUSDT,182,49.5001,49.5,49.3,33.31,124.1938,18.27134,0.10055,2.66968,0.020110000000000287,1.004056795131846,0,1,49.3,49.5,ramzinex,mexc,0.10055
2023-12-23 14:51:07,0,0,NOBITEX-RAMZINEX,SOLUSDT,218,94.83,94.82,95.9,95.03,946.34,8.92,20.475,18.45,3.6900000000000523,1.002109037224507,0,1,94.83,95.03,mexc,ramzinex,18.45
2023-12-23 14:51:11,0,0,NOBITEX-RAMZINEX,AAVEUSDT,37,95.73,95.72,97.3,96.4,18.428,186.719,6.1875,7.242187,4.8522652900000125,1.0069988509349213,0,1,95.73,96.4,mexc,ramzinex,7.242187
2023-12-23 14:51:11,0,0,NOBITEX-RAMZINEX,LTCUSDT,15,71.87,71.86,72.56,71.94,229.9347,330.0627,0.341,9.281,0.6496699999999367,1.0009739807986642,0,1,71.87,71.94,mexc,ramzinex,9.281
2023-12-23 14:51:11,0,0,NOBITEX-RAMZINEX,FTTUSDT,362,3.5662,3.5661,3.592,3.574,28.06,156.63,400,326.213,0.2188680000000008,1.0021872020638214,0,1,3.5662,3.574,mexc,ramzinex,28.06
2023-12-23 14:51:11,0,0,NOBITEX-RAMZINEX,MATICUSDT,363,0.8388,0.8387,0.8432,0.84,65064.22,26699.4,1235.52,1235.52,1.482623999999974,1.0014306151645207,0,1,0.8388,0.84,mexc,ramzinex,1235.52
2023-12-23 14:51:11,0,0,NOBITEX-RAMZINEX,USTCUSDT,393,0.0357,0.03567,0.065,0.053858,152941.04,164219.87,368,100,1.8158,1.508627450980392,0,1,0.0357,0.053858,mexc,ramzinex,100.0
2023-12-23 14:51:11,0,0,NOBITEX-RAMZINEX,COMPUSDT,170,52.34,52.33,52.89,52.41,38.747,2889.675,8.25,12.065624,0.8445936799999176,1.0013374092472296,0,1,52.34,52.41,mexc,ramzinex,12.065624
2023-12-23 14:51:11,0,0,NOBITEX-RAMZINEX,BSVUSDT,182,49.5001,49.5,49.3,33.31,124.1938,18.27134,0.10055,2.66968,0.020110000000000287,1.004056795131846,0,1,49.3,49.5,ramzinex,mexc,0.10055
2023-12-23 14:51:11,0,0,NOBITEX-RAMZINEX,SOLUSDT,218,94.84,94.83,95.9,95.03,489.3,65.46,20.475,18.45,3.505499999999958,1.0020033741037537,0,1,94.84,95.03,mexc,ramzinex,18.45
2023-12-23 14:51:14,0,0,NOBITEX-RAMZINEX,AAVEUSDT,37,95.78,95.75,97.3,96.4,8.213,5.649,6.1875,7.242187,4.490155940000033,1.006473167675924,0,1,95.78,96.4,mexc,ramzinex,7.242187
2023-12-23 14:51:14,0,0,NOBITEX-RAMZINEX,LTCUSDT,15,71.88,71.87,72.56,71.94,249.8585,232.4841,0.341,9.281,0.5568600000000211,1.0008347245409015,0,1,71.88,71.94,mexc,ramzinex,9.281
2023-12-23 14:51:14,0,0,NOBITEX-RAMZINEX,FTTUSDT,362,3.5662,3.5661,3.592,3.574,28.06,156.63,400,326.213,0.2188680000000008,1.0021872020638214,0,1,3.5662,3.574,mexc,ramzinex,28.06
2023-12-23 14:51:14,0,0,NOBITEX-RAMZINEX,MATICUSDT,363,0.839,0.8389,0.8432,0.84,4056.96,43834.5,1235.52,1235.52,1.235520000000001,1.0011918951132301,0,1,0.839,0.84,mexc,ramzinex,1235.52
2023-12-23 14:51:14,0,0,NOBITEX-RAMZINEX,USTCUSDT,393,0.0357,0.03567,0.065,0.053858,123877.01,164219.87,368,100,1.8158,1.508627450980392,0,1,0.0357,0.053858,mexc,ramzinex,100.0
2023-12-23 14:51:14,0,0,NOBITEX-RAMZINEX,COMPUSDT,170,52.35,52.34,52.89,52.41,43.66,39.083,8.25,12.065624,0.7239374399999416,1.0011461318051575,0,1,52.35,52.41,mexc,ramzinex,12.065624
2023-12-23 14:51:14,0,0,NOBITEX-RAMZINEX,BSVUSDT,182,49.5001,49.5,49.3,33.31,124.1938,18.27134,0.10055,2.66968,0.020110000000000287,1.004056795131846,0,1,49.3,49.5,ramzinex,mexc,0.10055
2023-12-23 14:51:14,0,0,NOBITEX-RAMZINEX,SOLUSDT,218,94.86,94.82,95.9,95.03,267.75,697.74,20.475,18.45,3.1365000000000314,1.0017921146953406,0,1,94.86,95.03,mexc,ramzinex,18.45
2023-12-23 14:51:18,0,0,NOBITEX-RAMZINEX,AAVEUSDT,37,95.75,95.72,97.3,96.4,7.35,4.726,6.1875,7.242187,4.707421550000041,1.0067885117493474,0,1,95.75,96.4,mexc,ramzinex,7.242187
2023-12-23 14:51:18,0,0,NOBITEX-RAMZINEX,LTCUSDT,15,71.88,71.87,72.56,71.94,249.8585,275.0229,0.341,9.281,0.5568600000000211,1.0008347245409015,0,1,71.88,71.94,mexc,ramzinex,9.281
2023-12-23 14:51:18,0,0,NOBITEX-RAMZINEX,FTTUSDT,362,3.5662,3.5661,3.592,3.574,28.06,156.63,400,326.213,0.2188680000000008,1.0021872020638214,0,1,3.5662,3.574,mexc,ramzinex,28.06
2023-12-23 14:51:18,0,0,NOBITEX-RAMZINEX,MATICUSDT,363,0.839,0.8389,0.8432,0.84,5316.6,43834.5,1235.52,1235.52,1.235520000000001,1.0011918951132301,0,1,0.839,0.84,mexc,ramzinex,1235.52
2023-12-23 14:51:18,0,0,NOBITEX-RAMZINEX,USTCUSDT,393,0.03573,0.0357,0.065,0.053858,131003.67,164527.22,368,100,1.8128000000000006,1.5073607612650435,0,1,0.03573,0.053858,mexc,ramzinex,100.0
2023-12-23 14:51:18,0,0,NOBITEX-RAMZINEX,COMPUSDT,170,52.35,52.34,52.89,52.41,43.66,39.083,8.25,12.065624,0.7239374399999416,1.0011461318051575,0,1,52.35,52.41,mexc,ramzinex,12.065624
2023-12-23 14:51:18,0,0,NOBITEX-RAMZINEX,BSVUSDT,182,49.5001,49.5,49.3,33.31,124.1938,18.27134,0.10055,2.66968,0.020110000000000287,1.004056795131846,0,1,49.3,49.5,ramzinex,mexc,0.10055
2023-12-23 14:51:18,0,0,NOBITEX-RAMZINEX,SOLUSDT,218,94.87,94.85,95.9,95.03,29.91,416.99,20.475,18.45,2.951999999999937,1.0016865183935912,0,1,94.87,95.03,mexc,ramzinex,18.45
2023-12-23 14:51:22,0,0,NOBITEX-RAMZINEX,AAVEUSDT,37,95.75,95.72,97.3,96.4,420.338,6.042,6.1875,7.242187,4.707421550000041,1.0067885117493474,0,1,95.75,96.4,mexc,ramzinex,7.242187
2023-12-23 14:51:22,0,0,NOBITEX-RAMZINEX,LTCUSDT,15,71.88,71.87,72.56,71.94,249.8585,280.6381,0.341,9.281,0.5568600000000211,1.0008347245409015,0,1,71.88,71.94,mexc,ramzinex,9.281
2023-12-23 14:51:22,0,0,NOBITEX-RAMZINEX,FTTUSDT,362,3.5662,3.5661,3.592,3.574,28.06,156.63,400,326.213,0.2188680000000008,1.0021872020638214,0,1,3.5662,3.574,mexc,ramzinex,28.06
2023-12-23 14:51:22,0,0,NOBITEX-RAMZINEX,MATICUSDT,363,0.839,0.8389,0.8432,0.84,5316.6,43834.5,1235.52,1235.52,1.235520000000001,1.0011918951132301,0,1,0.839,0.84,mexc,ramzinex,1235.52
2023-12-23 14:51:22,0,0,NOBITEX-RAMZINEX,USTCUSDT,393,0.03573,0.0357,0.065,0.053858,131003.67,164527.22,368,100,1.8128000000000006,1.5073607612650435,0,1,0.03573,0.053858,mexc,ramzinex,100.0
2023-12-23 14:51:22,0,0,NOBITEX-RAMZINEX,COMPUSDT,170,52.35,52.34,52.89,52.41,43.66,43.905,8.25,12.065624,0.7239374399999416,1.0011461318051575,0,1,52.35,52.41,mexc,ramzinex,12.065624
2023-12-23 14:51:22,0,0,NOBITEX-RAMZINEX,BSVUSDT,182,49.5001,49.5,49.3,33.31,124.1938,18.27134,0.10055,2.66968,0.020110000000000287,1.004056795131846,0,1,49.3,49.5,ramzinex,mexc,0.10055
2023-12-23 14:51:22,0,0,NOBITEX-RAMZINEX,SOLUSDT,218,94.84,94.82,95.9,95.03,1247.73,108.63,20.475,18.45,3.505499999999958,1.0020033741037537,0,1,94.84,95.03,mexc,ramzinex,18.45
2023-12-23 14:51:25,0,0,NOBITEX-RAMZINEX,AAVEUSDT,37,95.76,95.75,97.3,96.4,14.009,6.162,6.1875,7.242187,4.634999680000004,1.0066833751044277,0,1,95.76,96.4,mexc,ramzinex,7.242187
2023-12-23 14:51:25,0,0,NOBITEX-RAMZINEX,LTCUSDT,15,71.89,71.88,72.56,71.94,454.1988,424.0665,0.341,9.281,0.46404999999997365,1.0006955070246208,0,1,71.89,71.94,mexc,ramzinex,9.281
2023-12-23 14:51:25,0,0,NOBITEX-RAMZINEX,FTTUSDT,362,3.5666,3.5662,3.592,3.574,28.92,100.68,400,326.213,0.2140079999999893,1.0020748051365445,0,1,3.5666,3.574,mexc,ramzinex,28.92
2023-12-23 14:51:25,0,0,NOBITEX-RAMZINEX,MATICUSDT,363,0.8393,0.8392,0.8432,0.84,95045.1,12771.9,1235.52,1235.52,0.8648639999999047,1.0008340283569641,0,1,0.8393,0.84,mexc,ramzinex,1235.52
2023-12-23 14:51:25,0,0,NOBITEX-RAMZINEX,USTCUSDT,393,0.03575,0.03572,0.065,0.053858,135414.68,147640.64,368,100,1.8108000000000006,1.5065174825174827,0,1,0.03575,0.053858,mexc,ramzinex,100.0
2023-12-23 14:51:25,0,0,NOBITEX-RAMZINEX,COMPUSDT,170,52.36,52.35,52.89,52.41,88.879,41.247,8.25,12.065624,0.6032811999999657,1.0009549274255156,0,1,52.36,52.41,mexc,ramzinex,12.065624
2023-12-23 14:51:25,0,0,NOBITEX-RAMZINEX,BSVUSDT,182,49.505,49.5,49.3,33.31,105.52311,18.27134,0.10055,2.66968,0.020110000000000287,1.004056795131846,0,1,49.3,49.5,ramzinex,mexc,0.10055
2023-12-23 14:51:25,0,0,NOBITEX-RAMZINEX,SOLUSDT,218,94.92,94.9,95.9,95.03,488.6,49.49,20.475,18.45,2.0294999999999894,1.001158870627897,0,1,94.92,95.03,mexc,ramzinex,18.45
2023-12-23 14:51:29,0,0,NOBITEX-RAMZINEX,AAVEUSDT,37,95.76,95.75,97.3,96.4,14.009,6.162,6.1875,7.242187,4.634999680000004,1.0066833751044277,0,1,95.76,96.4,mexc,ramzinex,7.242187
2023-12-23 14:51:29,0,0,NOBITEX-RAMZINEX,LTCUSDT,15,71.89,71.88,72.56,71.94,280.7933,424.0665,0.341,9.281,0.46404999999997365,1.0006955070246208,0,1,71.89,71.94,mexc,ramzinex,9.281
2023-12-23 14:51:29,0,0,NOBITEX-RAMZINEX,FTTUSDT,362,3.5666,3.5662,3.592,3.574,28.92,100.68,400,326.213,0.2140079999999893,1.0020748051365445,0,1,3.5666,3.574,mexc,ramzinex,28.92
2023-12-23 14:51:29,0,0,NOBITEX-RAMZINEX,MATICUSDT,363,0.8394,0.8393,0.8432,0.84,50720.4,24363.0,1235.52,1235.52,0.7413119999999184,1.0007147962830591,0,1,0.8394,0.84,mexc,ramzinex,1235.52
2023-12-23 14:51:29,0,0,NOBITEX-RAMZINEX,USTCUSDT,393,0.03575,0.03572,0.065,0.053858,135414.68,147640.64,368,100,1.8108000000000006,1.5065174825174827,0,1,0.03575,0.053858,mexc,ramzinex,100.0
2023-12-23 14:51:29,0,0,NOBITEX-RAMZINEX,COMPUSDT,170,52.36,52.34,52.89,52.41,163.529,43.905,8.25,12.065624,0.6032811999999657,1.0009549274255156,0,1,52.36,52.41,mexc,ramzinex,12.065624
2023-12-23 14:51:29,0,0,NOBITEX-RAMZINEX,BSVUSDT,182,49.5101,49.5,49.3,33.31,105.38712,235.37142,0.10055,2.66968,0.020110000000000287,1.004056795131846,0,1,49.3,49.5,ramzinex,mexc,0.10055
2023-12-23 14:51:29,0,0,NOBITEX-RAMZINEX,SOLUSDT,218,94.9,94.87,95.9,95.03,1046.43,297.87,20.475,18.45,2.398499999999916,1.0013698630136987,0,1,94.9,95.03,mexc,ramzinex,18.45
2023-12-23 14:51:33,0,0,NOBITEX-RAMZINEX,AAVEUSDT,37,95.76,95.75,97.3,96.4,4.475,3.46,6.1875,7.242187,2.864000000000002,1.0066833751044277,0,1,95.76,96.4,mexc,ramzinex,4.475
2023-12-23 14:51:33,0,0,NOBITEX-RAMZINEX,LTCUSDT,15,71.89,71.88,72.56,71.94,225.9528,424.0665,0.341,9.281,0.46404999999997365,1.0006955070246208,0,1,71.89,71.94,mexc,ramzinex,9.281
2023-12-23 14:51:33,0,0,NOBITEX-RAMZINEX,FTTUSDT,362,3.5671,3.5664,3.592,3.574,32.88,66.68,400,326.213,0.22687199999999694,1.0019343444254436,0,1,3.5671,3.574,mexc,ramzinex,32.88
2023-12-23 14:51:33,0,0,NOBITEX-RAMZINEX,MATICUSDT,363,0.8395,0.8394,0.8432,0.84,77658.1,4105.27,1235.52,1235.52,0.6177599999999319,1.0005955926146515,0,1,0.8395,0.84,mexc,ramzinex,1235.52
2023-12-23 14:51:33,0,0,NOBITEX-RAMZINEX,USTCUSDT,393,0.03575,0.03572,0.065,0.053858,135414.68,147640.64,368,100,1.8108000000000006,1.5065174825174827,0,1,0.03575,0.053858,mexc,ramzinex,100.0
2023-12-23 14:51:33,0,0,NOBITEX-RAMZINEX,COMPUSDT,170,52.35,52.34,52.89,52.41,38.598,43.905,8.25,12.065624,0.7239374399999416,1.0011461318051575,0,1,52.35,52.41,mexc,ramzinex,12.065624
2023-12-23 14:51:33,0,0,NOBITEX-RAMZINEX,BSVUSDT,182,49.51,49.5,49.3,33.31,215.58647,18.27134,0.10055,2.66968,0.020110000000000287,1.004056795131846,0,1,49.3,49.5,ramzinex,mexc,0.10055
2023-12-23 14:51:33,0,0,NOBITEX-RAMZINEX,SOLUSDT,218,94.92,94.89,95.9,95.03,145.26,1452.88,20.475,18.45,2.0294999999999894,1.001158870627897,0,1,94.92,95.03,mexc,ramzinex,18.45
2023-12-23 14:51:37,0,0,NOBITEX-RAMZINEX,AAVEUSDT,37,95.76,95.75,97.3,96.4,2.378,18.753,6.1875,7.242187,1.5219200000000015,1.0066833751044277,0,1,95.76,96.4,mexc,ramzinex,2.378
2023-12-23 14:51:37,0,0,NOBITEX-RAMZINEX,LTCUSDT,15,71.89,71.88,72.56,71.94,225.9528,424.0665,0.341,9.281,0.46404999999997365,1.0006955070246208,0,1,71.89,71.94,mexc,ramzinex,9.281
2023-12-23 14:51:37,0,0,NOBITEX-RAMZINEX,FTTUSDT,362,3.5671,3.5662,3.592,3.574,32.88,1125.42,400,326.213,0.22687199999999694,1.0019343444254436,0,1,3.5671,3.574,mexc,ramzinex,32.88
2023-12-23 14:51:37,0,0,NOBITEX-RAMZINEX,MATICUSDT,363,0.8395,0.8394,0.8432,0.84,20375.5,75186.3,1235.52,1235.52,0.6177599999999319,1.0005955926146515,0,1,0.8395,0.84,mexc,ramzinex,1235.52
2023-12-23 14:51:37,0,0,NOBITEX-RAMZINEX,USTCUSDT,393,0.03576,0.03573,0.065,0.053858,166669.52,118686.07,368,100,1.8098000000000003,1.506096196868009,0,1,0.03576,0.053858,mexc,ramzinex,100.0
2023-12-23 14:51:37,0,0,NOBITEX-RAMZINEX,COMPUSDT,170,52.37,52.36,52.89,52.41,40.433,45.431,8.25,12.065624,0.4826249599999897,1.0007637960664502,0,1,52.37,52.41,mexc,ramzinex,12.065624
2023-12-23 14:51:37,0,0,NOBITEX-RAMZINEX,BSVUSDT,182,49.51,49.5,49.3,33.31,218.28233,18.27134,0.10055,2.66968,0.020110000000000287,1.004056795131846,0,1,49.3,49.5,ramzinex,mexc,0.10055
2023-12-23 14:51:37,0,0,NOBITEX-RAMZINEX,SOLUSDT,218,94.94,94.92,95.9,95.03,173.39,179.79,20.475,18.45,1.660500000000063,1.0009479671371393,0,1,94.94,95.03,mexc,ramzinex,18.45
2023-12-23 14:51:41,0,0,NOBITEX-RAMZINEX,AAVEUSDT,37,95.77,95.76,97.3,96.4,25.503,4.475,6.1875,7.242187,4.56257781000007,1.006578260415579,0,1,95.77,96.4,mexc,ramzinex,7.242187
2023-12-23 14:51:41,0,0,NOBITEX-RAMZINEX,LTCUSDT,15,71.89,71.88,72.56,71.94,271.0588,424.0665,0.341,9.281,0.46404999999997365,1.0006955070246208,0,1,71.89,71.94,mexc,ramzinex,9.281
2023-12-23 14:51:41,0,0,NOBITEX-RAMZINEX,FTTUSDT,362,3.5673,3.5663,3.592,3.574,29.83,29.36,400,326.213,0.19986099999999785,1.0018781711658677,0,1,3.5673,3.574,mexc,ramzinex,29.83
2023-12-23 14:51:41,0,0,NOBITEX-RAMZINEX,MATICUSDT,363,0.8395,0.8394,0.8432,0.84,20375.5,75186.3,1235.52,1235.52,0.6177599999999319,1.0005955926146515,0,1,0.8395,0.84,mexc,ramzinex,1235.52
2023-12-23 14:51:41,0,0,NOBITEX-RAMZINEX,USTCUSDT,393,0.03577,0.03574,0.065,0.053858,125932.76,162048.97,368,100,1.8088,1.5056751467710372,0,1,0.03577,0.053858,mexc,ramzinex,100.0
2023-12-23 14:51:41,0,0,NOBITEX-RAMZINEX,COMPUSDT,170,52.37,52.36,52.89,52.41,40.433,45.431,8.25,12.065624,0.4826249599999897,1.0007637960664502,0,1,52.37,52.41,mexc,ramzinex,12.065624
2023-12-23 14:51:41,0,0,NOBITEX-RAMZINEX,BSVUSDT,182,49.5101,49.5,49.3,33.31,199.16698,133.33237,0.10055,2.66968,0.020110000000000287,1.004056795131846,0,1,49.3,49.5,ramzinex,mexc,0.10055
2023-12-23 14:51:41,0,0,NOBITEX-RAMZINEX,SOLUSDT,218,94.94,94.92,95.9,95.03,80.53,708.63,20.475,18.45,1.660500000000063,1.0009479671371393,0,1,94.94,95.03,mexc,ramzinex,18.45
2023-12-23 14:51:45,0,0,NOBITEX-RAMZINEX,AAVEUSDT,37,95.78,95.76,97.3,96.4,3.328,425.422,6.1875,7.242187,2.063360000000015,1.006473167675924,0,1,95.78,96.4,mexc,ramzinex,3.328
2023-12-23 14:51:45,0,0,NOBITEX-RAMZINEX,LTCUSDT,15,71.89,71.88,72.56,71.94,221.021,424.0665,0.341,9.281,0.46404999999997365,1.0006955070246208,0,1,71.89,71.94,mexc,ramzinex,9.281
2023-12-23 14:51:45,0,0,NOBITEX-RAMZINEX,FTTUSDT,362,3.5673,3.5666,3.592,3.574,29.84,28.71,400,326.213,0.19992799999999786,1.0018781711658677,0,1,3.5673,3.574,mexc,ramzinex,29.84
2023-12-23 14:51:45,0,0,NOBITEX-RAMZINEX,MATICUSDT,363,0.8397,0.8396,0.8432,0.84,43816.5,34685.41,1235.52,1235.52,0.3706559999999592,1.0003572704537333,0,1,0.8397,0.84,mexc,ramzinex,1235.52
2023-12-23 14:51:45,0,0,NOBITEX-RAMZINEX,USTCUSDT,393,0.03578,0.03575,0.065,0.053858,123019.82,141246.13,368,100,1.8078000000000003,1.5052543320290666,0,1,0.03578,0.053858,mexc,ramzinex,100.0
2023-12-23 14:51:45,0,0,NOBITEX-RAMZINEX,COMPUSDT,170,52.38,52.37,52.89,52.41,82.965,44.567,8.25,12.065624,0.36196871999992797,1.0005727376861395,0,1,52.38,52.41,mexc,ramzinex,12.065624
2023-12-23 14:51:45,0,0,NOBITEX-RAMZINEX,BSVUSDT,182,49.5101,49.5,49.3,33.31,203.33494,146.00806,0.10055,2.66968,0.020110000000000287,1.004056795131846,0,1,49.3,49.5,ramzinex,mexc,0.10055
2023-12-23 14:51:45,0,0,NOBITEX-RAMZINEX,SOLUSDT,218,94.95,94.94,95.9,95.03,24.84,808.62,20.475,18.45,1.4759999999999684,1.0008425487098473,0,1,94.95,95.03,mexc,ramzinex,18.45
2023-12-23 14:51:49,0,0,NOBITEX-RAMZINEX,AAVEUSDT,37,95.73,95.71,97.3,96.4,3.199,130.821,6.1875,7.242187,2.1433300000000055,1.0069988509349213,0,1,95.73,96.4,mexc,ramzinex,3.199
2023-12-23 14:51:49,0,0,NOBITEX-RAMZINEX,LTCUSDT,15,71.92,71.9,72.56,71.94,267.9818,490.3899,0.341,9.281,0.1856199999999631,1.00027808676307,0,1,71.92,71.94,mexc,ramzinex,9.281
2023-12-23 14:51:49,0,0,NOBITEX-RAMZINEX,FTTUSDT,362,3.5682,3.567,3.592,3.574,30.5,28.49,400,326.213,0.17689999999999406,1.0016254694243596,0,1,3.5682,3.574,mexc,ramzinex,30.5
2023-12-23 14:51:49,0,0,NOBITEX-RAMZINEX,MATICUSDT,363,0.8398,0.8397,0.8432,0.84,18985.5,45267.0,1235.52,1235.52,0.2471039999999728,1.0002381519409382,0,1,0.8398,0.84,mexc,ramzinex,1235.52
2023-12-23 14:51:49,0,0,NOBITEX-RAMZINEX,USTCUSDT,393,0.0358,0.03577,0.065,0.053858,118804.82,147654.16,368,100,1.8058000000000005,1.5044134078212292,0,1,0.0358,0.053858,mexc,ramzinex,100.0
2023-12-23 14:51:49,0,0,NOBITEX-RAMZINEX,COMPUSDT,170,52.39,52.38,52.89,52.41,48.216,40.041,8.25,12.065624,0.24131247999995198,1.0003817522427942,0,1,52.39,52.41,mexc,ramzinex,12.065624
2023-12-23 14:51:49,0,0,NOBITEX-RAMZINEX,BSVUSDT,182,49.5101,49.5,49.3,33.31,216.35816,233.93492,0.10055,2.66968,0.020110000000000287,1.004056795131846,0,1,49.3,49.5,ramzinex,mexc,0.10055
2023-12-23 14:51:49,0,0,NOBITEX-RAMZINEX,SOLUSDT,218,95.01,94.99,95.9,95.03,878.63,161.76,20.475,18.45,0.36899999999992655,1.0002105041574572,0,1,95.01,95.03,mexc,ramzinex,18.45
2023-12-23 14:51:53,0,0,NOBITEX-RAMZINEX,AAVEUSDT,37,95.73,95.71,97.3,96.4,11.025,130.821,6.1875,7.242187,4.8522652900000125,1.0069988509349213,0,1,95.73,96.4,mexc,ramzinex,7.242187
2023-12-23 14:51:53,0,0,NOBITEX-RAMZINEX,LTCUSDT,15,71.92,71.91,72.56,71.94,47.2663,420.9546,0.341,9.281,0.1856199999999631,1.00027808676307,0,1,71.92,71.94,mexc,ramzinex,9.281
2023-12-23 14:51:53,0,0,NOBITEX-RAMZINEX,FTTUSDT,362,3.5682,3.567,3.592,3.574,30.5,28.49,400,326.213,0.17689999999999406,1.0016254694243596,0,1,3.5682,3.574,mexc,ramzinex,30.5
2023-12-23 14:51:53,0,0,NOBITEX-RAMZINEX,USTCUSDT,393,0.03579,0.03576,0.065,0.053858,167195.26,143943.11,368,100,1.8068,1.504833752444817,0,1,0.03579,0.053858,mexc,ramzinex,100.0
2023-12-23 14:51:53,0,0,NOBITEX-RAMZINEX,COMPUSDT,170,52.4,52.39,52.89,52.41,60.573,38.977,8.25,12.065624,0.12065623999997599,1.0001908396946564,0,1,52.4,52.41,mexc,ramzinex,12.065624
2023-12-23 14:51:53,0,0,NOBITEX-RAMZINEX,BSVUSDT,182,49.5101,49.5,49.3,33.31,136.0598,186.53153,0.10055,2.66968,0.020110000000000287,1.004056795131846,0,1,49.3,49.5,ramzinex,mexc,0.10055
2023-12-23 14:51:53,0,0,NOBITEX-RAMZINEX,SOLUSDT,218,95.01,94.99,95.9,95.03,263.43,432.58,20.475,18.45,0.36899999999992655,1.0002105041574572,0,1,95.01,95.03,mexc,ramzinex,18.45
2023-12-23 14:51:57,0,0,NOBITEX-RAMZINEX,AAVEUSDT,37,95.73,95.72,97.3,96.4,11.025,131.708,6.1875,7.242187,4.8522652900000125,1.0069988509349213,0,1,95.73,96.4,mexc,ramzinex,7.242187
2023-12-23 14:51:57,0,0,NOBITEX-RAMZINEX,LTCUSDT,15,71.92,71.91,72.56,71.94,287.192,420.9546,0.341,9.281,0.1856199999999631,1.00027808676307,0,1,71.92,71.94,mexc,ramzinex,9.281
2023-12-23 14:51:57,0,0,NOBITEX-RAMZINEX,FTTUSDT,362,3.5682,3.567,3.592,3.574,603.21,28.49,400,326.213,1.8920353999999366,1.0016254694243596,0,1,3.5682,3.574,mexc,ramzinex,326.213
2023-12-23 14:51:57,0,0,NOBITEX-RAMZINEX,MATICUSDT,363,0.8398,0.8396,0.8432,0.84,39267.9,53221.2,1235.52,1235.52,0.2471039999999728,1.0002381519409382,0,1,0.8398,0.84,mexc,ramzinex,1235.52
2023-12-23 14:51:57,0,0,NOBITEX-RAMZINEX,USTCUSDT,393,0.03581,0.03578,0.065,0.053858,151880.23,116431.11,368,100,1.8048000000000002,1.5039932979614632,0,1,0.03581,0.053858,mexc,ramzinex,100.0
2023-12-23 14:51:57,0,0,NOBITEX-RAMZINEX,COMPUSDT,170,52.39,52.37,52.89,52.41,137.223,42.384,8.25,12.065624,0.24131247999995198,1.0003817522427942,0,1,52.39,52.41,mexc,ramzinex,12.065624
2023-12-23 14:51:57,0,0,NOBITEX-RAMZINEX,BSVUSDT,182,49.51,49.5,49.3,33.31,182.00714,18.27134,0.10055,2.66968,0.020110000000000287,1.004056795131846,0,1,49.3,49.5,ramzinex,mexc,0.10055
2023-12-23 14:51:57,0,0,NOBITEX-RAMZINEX,SOLUSDT,218,95.02,95.01,95.9,95.03,141.01,376.48,20.475,18.45,0.1845000000000944,1.0001052410018945,0,1,95.02,95.03,mexc,ramzinex,18.45
2023-12-23 14:52:00,0,0,NOBITEX-RAMZINEX,AAVEUSDT,37,95.68,95.66,97.3,96.4,3.081,426.51,6.1875,7.242187,2.2183199999999963,1.0075250836120402,0,1,95.68,96.4,mexc,ramzinex,3.081
2023-12-23 14:52:00,0,0,NOBITEX-RAMZINEX,LTCUSDT,15,71.92,71.91,72.56,71.94,288.4374,420.9546,0.341,9.281,0.1856199999999631,1.00027808676307,0,1,71.92,71.94,mexc,ramzinex,9.281
2023-12-23 14:52:00,0,0,NOBITEX-RAMZINEX,FTTUSDT,362,3.5682,3.567,3.592,3.574,603.21,28.49,400,326.213,1.8920353999999366,1.0016254694243596,0,1,3.5682,3.574,mexc,ramzinex,326.213
2023-12-23 14:52:00,0,0,NOBITEX-RAMZINEX,MATICUSDT,363,0.8398,0.8396,0.8432,0.84,39267.9,80593.79,1235.52,1235.52,0.2471039999999728,1.0002381519409382,0,1,0.8398,0.84,mexc,ramzinex,1235.52
2023-12-23 14:52:00,0,0,NOBITEX-RAMZINEX,USTCUSDT,393,0.03582,0.03579,0.065,0.053858,125649.29,150116.35,368,100,1.8038000000000005,1.5035734226689002,0,1,0.03582,0.053858,mexc,ramzinex,100.0
2023-12-23 14:52:00,0,0,NOBITEX-RAMZINEX,COMPUSDT,170,52.39,52.38,52.89,52.41,41.544,141.475,8.25,12.065624,0.24131247999995198,1.0003817522427942,0,1,52.39,52.41,mexc,ramzinex,12.065624
2023-12-23 14:52:00,0,0,NOBITEX-RAMZINEX,BSVUSDT,182,49.51,49.5,49.3,33.31,201.4343,18.27134,0.10055,2.66968,0.020110000000000287,1.004056795131846,0,1,49.3,49.5,ramzinex,mexc,0.10055
2023-12-23 14:52:00,0,0,NOBITEX-RAMZINEX,SOLUSDT,218,95.01,95.0,95.9,95.03,666.89,90.6,20.475,18.45,0.36899999999992655,1.0002105041574572,0,1,95.01,95.03,mexc,ramzinex,18.45
2023-12-23 14:52:04,0,0,NOBITEX-RAMZINEX,AAVEUSDT,37,95.67,95.66,97.3,96.4,0.331,419.819,6.1875,7.242187,0.24163000000000132,1.007630396153444,0,1,95.67,96.4,mexc,ramzinex,0.331
2023-12-23 14:52:04,0,0,NOBITEX-RAMZINEX,LTCUSDT,15,71.92,71.91,72.56,71.94,238.134,420.9546,0.341,9.281,0.1856199999999631,1.00027808676307,0,1,71.92,71.94,mexc,ramzinex,9.281
2023-12-23 14:52:04,0,0,NOBITEX-RAMZINEX,FTTUSDT,362,3.5682,3.567,3.592,3.574,603.21,28.49,400,326.213,1.8920353999999366,1.0016254694243596,0,1,3.5682,3.574,mexc,ramzinex,326.213
2023-12-23 14:52:04,0,0,NOBITEX-RAMZINEX,MATICUSDT,363,0.8398,0.8397,0.8432,0.84,10880.36,81815.71,1235.52,1235.52,0.2471039999999728,1.0002381519409382,0,1,0.8398,0.84,mexc,ramzinex,1235.52
2023-12-23 14:52:04,0,0,NOBITEX-RAMZINEX,USTCUSDT,393,0.03582,0.03579,0.065,0.053858,128818.68,150116.35,368,100,1.8038000000000005,1.5035734226689002,0,1,0.03582,0.053858,mexc,ramzinex,100.0
2023-12-23 14:52:04,0,0,NOBITEX-RAMZINEX,COMPUSDT,170,52.39,52.38,52.89,52.41,41.544,40.327,8.25,12.065624,0.24131247999995198,1.0003817522427942,0,1,52.39,52.41,mexc,ramzinex,12.065624
2023-12-23 14:52:04,0,0,NOBITEX-RAMZINEX,BSVUSDT,182,49.5001,49.5,49.3,33.31,107.77905,18.27134,0.10055,2.66968,0.020110000000000287,1.004056795131846,0,1,49.3,49.5,ramzinex,mexc,0.10055
2023-12-23 14:52:04,0,0,NOBITEX-RAMZINEX,SOLUSDT,218,94.99,94.97,95.9,95.03,772.69,84.55,20.475,18.45,0.7380000000001153,1.0004210969575746,0,1,94.99,95.03,mexc,ramzinex,18.45
2023-12-23 14:52:14,0,0,NOBITEX-RAMZINEX,AAVEUSDT,37,95.67,95.66,97.3,96.4,0.331,431.651,6.1875,7.242187,0.24163000000000132,1.007630396153444,0,1,95.67,96.4,mexc,ramzinex,0.331
2023-12-23 14:52:14,0,0,NOBITEX-RAMZINEX,LTCUSDT,15,71.92,71.91,72.56,71.94,291.8335,420.9546,0.341,9.281,0.1856199999999631,1.00027808676307,0,1,71.92,71.94,mexc,ramzinex,9.281
2023-12-23 14:52:14,0,0,NOBITEX-RAMZINEX,FTTUSDT,362,3.5677,3.5665,3.592,3.574,33.37,33.02,400,326.213,0.21023099999999906,1.0017658435406565,0,1,3.5677,3.574,mexc,ramzinex,33.37
2023-12-23 14:52:14,0,0,NOBITEX-RAMZINEX,MATICUSDT,363,0.8399,0.8398,0.8432,0.84,41320.5,24011.28,1235.52,1235.52,0.1235519999999864,1.0001190617930706,0,1,0.8399,0.84,mexc,ramzinex,1235.52
2023-12-23 14:52:14,0,0,NOBITEX-RAMZINEX,USTCUSDT,393,0.03581,0.03578,0.065,0.053858,141135.47,142993.38,368,100,1.8048000000000002,1.5039932979614632,0,1,0.03581,0.053858,mexc,ramzinex,100.0
2023-12-23 14:52:14,0,0,NOBITEX-RAMZINEX,COMPUSDT,170,52.4,52.39,52.89,52.41,60.573,38.871,8.25,12.065624,0.12065623999997599,1.0001908396946564,0,1,52.4,52.41,mexc,ramzinex,12.065624
2023-12-23 14:52:14,0,0,NOBITEX-RAMZINEX,BSVUSDT,182,49.5001,49.5,49.3,33.31,107.77905,18.27134,0.10055,2.66968,0.020110000000000287,1.004056795131846,0,1,49.3,49.5,ramzinex,mexc,0.10055
2023-12-23 14:52:14,0,0,NOBITEX-RAMZINEX,SOLUSDT,218,95.02,94.99,95.9,95.03,44.85,1139.73,20.475,18.45,0.1845000000000944,1.0001052410018945,0,1,95.02,95.03,mexc,ramzinex,18.45
2023-12-23 14:52:28,0,0,NOBITEX-RAMZINEX,AAVEUSDT,37,95.7,95.69,97.3,96.4,38.339,3.831,6.1875,7.242187,5.069530900000021,1.0073145245559039,0,1,95.7,96.4,mexc,ramzinex,7.242187
2023-12-23 14:52:28,0,0,NOBITEX-RAMZINEX,FTTUSDT,362,3.5674,3.5663,3.592,3.574,28.54,98.37,400,326.213,0.18836399999999193,1.001850086898021,0,1,3.5674,3.574,mexc,ramzinex,28.54
2023-12-23 14:52:28,0,0,NOBITEX-RAMZINEX,USTCUSDT,393,0.03582,0.03579,0.065,0.053858,128818.68,143705.66,368,100,1.8038000000000005,1.5035734226689002,0,1,0.03582,0.053858,mexc,ramzinex,100.0
2023-12-23 14:52:28,0,0,NOBITEX-RAMZINEX,BSVUSDT,182,49.5001,49.5,49.3,33.31,121.98713,18.27134,0.10055,2.66968,0.020110000000000287,1.004056795131846,0,1,49.3,49.5,ramzinex,mexc,0.10055
2023-12-23 14:52:32,0,0,NOBITEX-RAMZINEX,AAVEUSDT,37,95.72,95.7,97.3,96.4,11.154,424.64,6.1875,7.242187,4.924687160000049,1.007104053489344,0,1,95.72,96.4,mexc,ramzinex,7.242187
2023-12-23 14:52:32,0,0,NOBITEX-RAMZINEX,FTTUSDT,362,3.5673,3.5663,3.592,3.574,80.85,110.6,400,326.213,0.5416949999999942,1.0018781711658677,0,1,3.5673,3.574,mexc,ramzinex,80.85
2023-12-23 14:52:32,0,0,NOBITEX-RAMZINEX,USTCUSDT,393,0.03581,0.03578,0.065,0.053858,133485.98,142993.38,368,100,1.8048000000000002,1.5039932979614632,0,1,0.03581,0.053858,mexc,ramzinex,100.0
2023-12-23 14:52:32,0,0,NOBITEX-RAMZINEX,BSVUSDT,182,49.5001,49.5,49.3,33.31,121.98713,18.27134,0.10055,2.66968,0.020110000000000287,1.004056795131846,0,1,49.3,49.5,ramzinex,mexc,0.10055
2023-12-23 14:52:36,0,0,NOBITEX-RAMZINEX,AAVEUSDT,37,95.72,95.71,97.3,96.4,11.154,1.507,6.1875,7.242187,4.924687160000049,1.007104053489344,0,1,95.72,96.4,mexc,ramzinex,7.242187
2023-12-23 14:52:36,0,0,NOBITEX-RAMZINEX,FTTUSDT,362,3.5673,3.5663,3.592,3.574,80.85,110.6,400,326.213,0.5416949999999942,1.0018781711658677,0,1,3.5673,3.574,mexc,ramzinex,80.85
2023-12-23 14:52:36,0,0,NOBITEX-RAMZINEX,USTCUSDT,393,0.03582,0.03579,0.065,0.053858,128818.68,136844.77,368,100,1.8038000000000005,1.5035734226689002,0,1,0.03582,0.053858,mexc,ramzinex,100.0
2023-12-23 14:52:36,0,0,NOBITEX-RAMZINEX,BSVUSDT,182,49.5001,49.5,49.3,33.31,121.98713,18.27134,0.10055,2.66968,0.020110000000000287,1.004056795131846,0,1,49.3,49.5,ramzinex,mexc,0.10055
2023-12-23 14:52:41,0,0,NOBITEX-RAMZINEX,AAVEUSDT,37,95.72,95.71,97.3,96.4,27.157,21.446,6.1875,7.242187,4.924687160000049,1.007104053489344,0,1,95.72,96.4,mexc,ramzinex,7.242187
2023-12-23 14:52:41,0,0,NOBITEX-RAMZINEX,FTTUSDT,362,3.5673,3.5663,3.592,3.574,80.85,110.6,400,326.213,0.5416949999999942,1.0018781711658677,0,1,3.5673,3.574,mexc,ramzinex,80.85
2023-12-23 14:52:41,0,0,NOBITEX-RAMZINEX,USTCUSDT,393,0.03583,0.0358,0.065,0.053858,124404.87,166144.63,368,100,1.8028000000000002,1.5031537817471394,0,1,0.03583,0.053858,mexc,ramzinex,100.0
2023-12-23 14:52:41,0,0,NOBITEX-RAMZINEX,BSVUSDT,182,49.5101,49.5,49.3,33.31,145.32983,190.09447,0.10055,2.66968,0.020110000000000287,1.004056795131846,0,1,49.3,49.5,ramzinex,mexc,0.10055
2023-12-23 14:52:46,0,0,NOBITEX-RAMZINEX,AAVEUSDT,37,95.72,95.71,97.3,96.4,27.157,21.446,6.1875,7.242187,4.924687160000049,1.007104053489344,0,1,95.72,96.4,mexc,ramzinex,7.242187
2023-12-23 14:52:46,0,0,NOBITEX-RAMZINEX,FTTUSDT,362,3.567,3.5663,3.592,3.574,111.89,110.6,400,326.213,0.7832299999999635,1.0019624334174375,0,1,3.567,3.574,mexc,ramzinex,111.89
2023-12-23 14:52:46,0,0,NOBITEX-RAMZINEX,USTCUSDT,393,0.03584,0.03581,0.065,0.053858,124544.73,161032.48,368,100,1.8018000000000005,1.5027343750000002,0,1,0.03584,0.053858,mexc,ramzinex,100.0
2023-12-23 14:52:46,0,0,NOBITEX-RAMZINEX,BSVUSDT,182,49.5101,49.5,49.3,33.31,190.26386,151.66175,0.10055,2.66968,0.020110000000000287,1.004056795131846,0,1,49.3,49.5,ramzinex,mexc,0.10055
2023-12-23 14:52:46,0,0,NOBITEX-RAMZINEX,CAKEUSDT,194,2.553,2.551,2.55,2.52,4068.21,1047.62,35.79,151.87,0.03579000000001195,1.0003921568627452,1,1,2.55,2.551,ramzinex,mexc,35.79
2023-12-23 14:52:50,0,0,NOBITEX-RAMZINEX,AAVEUSDT,37,95.75,95.73,97.3,96.4,11.919,21.678,6.1875,7.242187,4.707421550000041,1.0067885117493474,0,1,95.75,96.4,mexc,ramzinex,7.242187
2023-12-23 14:52:50,0,0,NOBITEX-RAMZINEX,FTTUSDT,362,3.567,3.5663,3.592,3.574,111.89,110.6,400,326.213,0.7832299999999635,1.0019624334174375,0,1,3.567,3.574,mexc,ramzinex,111.89
2023-12-23 14:52:50,0,0,NOBITEX-RAMZINEX,USTCUSDT,393,0.03583,0.0358,0.065,0.053858,161232.46,166144.63,368,100,1.8028000000000002,1.5031537817471394,0,1,0.03583,0.053858,mexc,ramzinex,100.0
2023-12-23 14:52:50,0,0,NOBITEX-RAMZINEX,BSVUSDT,182,49.5144,49.5,49.3,33.31,202.79893,18.27134,0.10055,2.66968,0.020110000000000287,1.004056795131846,0,1,49.3,49.5,ramzinex,mexc,0.10055
2023-12-23 14:52:50,0,0,NOBITEX-RAMZINEX,CAKEUSDT,194,2.552,2.551,2.55,2.52,1768.84,1047.62,35.79,151.87,0.03579000000001195,1.0003921568627452,0,1,2.55,2.551,ramzinex,mexc,35.79
2023-12-23 14:52:54,0,0,NOBITEX-RAMZINEX,AAVEUSDT,37,95.75,95.73,97.3,96.4,11.919,17.381,6.1875,7.242187,4.707421550000041,1.0067885117493474,0,1,95.75,96.4,mexc,ramzinex,7.242187
2023-12-23 14:52:54,0,0,NOBITEX-RAMZINEX,FTTUSDT,362,3.567,3.5663,3.592,3.574,111.89,110.6,400,326.213,0.7832299999999635,1.0019624334174375,0,1,3.567,3.574,mexc,ramzinex,111.89
2023-12-23 14:52:54,0,0,NOBITEX-RAMZINEX,USTCUSDT,393,0.03585,0.03582,0.065,0.053858,156049.95,147732.71,368,100,1.8008000000000004,1.5023152022315203,0,1,0.03585,0.053858,mexc,ramzinex,100.0
2023-12-23 14:52:54,0,0,NOBITEX-RAMZINEX,BSVUSDT,182,49.51,49.5,49.3,33.31,142.84213,18.27134,0.10055,2.66968,0.020110000000000287,1.004056795131846,0,1,49.3,49.5,ramzinex,mexc,0.10055
2023-12-23 14:52:54,0,0,NOBITEX-RAMZINEX,CAKEUSDT,194,2.552,2.551,2.55,2.52,1768.84,1047.62,35.79,151.87,0.03579000000001195,1.0003921568627452,0,1,2.55,2.551,ramzinex,mexc,35.79
2023-12-23 14:52:58,0,0,NOBITEX-RAMZINEX,AAVEUSDT,37,95.75,95.73,97.3,96.4,4.025,8.688,6.1875,7.242187,2.616250000000023,1.0067885117493474,0,1,95.75,96.4,mexc,ramzinex,4.025
2023-12-23 14:52:58,0,0,NOBITEX-RAMZINEX,FTTUSDT,362,3.567,3.5663,3.592,3.574,111.89,110.6,400,326.213,0.7832299999999635,1.0019624334174375,0,1,3.567,3.574,mexc,ramzinex,111.89
2023-12-23 14:52:58,0,0,NOBITEX-RAMZINEX,USTCUSDT,393,0.03586,0.03583,0.065,0.053858,158397.92,149333.9,368,100,1.7998,1.5018962632459565,0,1,0.03586,0.053858,mexc,ramzinex,100.0
2023-12-23 14:52:58,0,0,NOBITEX-RAMZINEX,BSVUSDT,182,49.5101,49.5,49.3,33.31,116.9656,231.02351,0.10055,2.66968,0.020110000000000287,1.004056795131846,0,1,49.3,49.5,ramzinex,mexc,0.10055
2023-12-23 14:52:58,0,0,NOBITEX-RAMZINEX,CAKEUSDT,194,2.552,2.551,2.55,2.52,853.86,2751.5,35.79,151.87,0.03579000000001195,1.0003921568627452,0,1,2.55,2.551,ramzinex,mexc,35.79
2023-12-23 14:53:02,0,0,NOBITEX-RAMZINEX,AAVEUSDT,37,95.74,95.73,97.3,96.4,4.025,21.608,6.1875,7.242187,2.656500000000044,1.0068936703572176,0,1,95.74,96.4,mexc,ramzinex,4.025
2023-12-23 14:53:02,0,0,NOBITEX-RAMZINEX,FTTUSDT,362,3.5673,3.5664,3.592,3.574,230.1,100.68,400,326.213,1.5416699999999834,1.0018781711658677,0,1,3.5673,3.574,mexc,ramzinex,230.1
2023-12-23 14:53:02,0,0,NOBITEX-RAMZINEX,USTCUSDT,393,0.03586,0.03583,0.065,0.053858,158397.92,149333.9,368,100,1.7998,1.5018962632459565,0,1,0.03586,0.053858,mexc,ramzinex,100.0
2023-12-23 14:53:02,0,0,NOBITEX-RAMZINEX,BSVUSDT,182,49.51,49.5,49.3,33.31,192.45407,18.27134,0.10055,2.66968,0.020110000000000287,1.004056795131846,0,1,49.3,49.5,ramzinex,mexc,0.10055
2023-12-23 14:53:02,0,0,NOBITEX-RAMZINEX,CAKEUSDT,194,2.552,2.551,2.55,2.52,853.86,2751.5,35.79,151.87,0.03579000000001195,1.0003921568627452,0,1,2.55,2.551,ramzinex,mexc,35.79
2023-12-23 14:53:07,0,0,NOBITEX-RAMZINEX,AAVEUSDT,37,95.74,95.73,97.3,96.4,34.748,435.34,6.1875,7.242187,4.779843420000079,1.0068936703572176,0,1,95.74,96.4,mexc,ramzinex,7.242187
2023-12-23 14:53:07,0,0,NOBITEX-RAMZINEX,FTTUSDT,362,3.5682,3.5674,3.592,3.574,32.04,31.88,400,326.213,0.18583199999999375,1.0016254694243596,0,1,3.5682,3.574,mexc,ramzinex,32.04
2023-12-23 14:53:07,0,0,NOBITEX-RAMZINEX,USTCUSDT,393,0.03586,0.03583,0.065,0.053858,158397.92,149333.9,368,100,1.7998,1.5018962632459565,0,1,0.03586,0.053858,mexc,ramzinex,100.0
2023-12-23 14:53:07,0,0,NOBITEX-RAMZINEX,BSVUSDT,182,49.505,49.5,49.3,33.31,207.49316,18.27134,0.10055,2.66968,0.020110000000000287,1.004056795131846,0,1,49.3,49.5,ramzinex,mexc,0.10055
2023-12-23 14:53:07,0,0,NOBITEX-RAMZINEX,CAKEUSDT,194,2.552,2.551,2.55,2.52,853.86,2751.5,35.79,151.87,0.03579000000001195,1.0003921568627452,0,1,2.55,2.551,ramzinex,mexc,35.79
2023-12-23 14:53:11,0,0,NOBITEX-RAMZINEX,AAVEUSDT,37,95.74,95.72,97.3,96.4,23.442,10.907,6.1875,7.242187,4.779843420000079,1.0068936703572176,0,1,95.74,96.4,mexc,ramzinex,7.242187
2023-12-23 14:53:11,0,0,NOBITEX-RAMZINEX,FTTUSDT,362,3.5682,3.5674,3.592,3.574,32.04,31.88,400,326.213,0.18583199999999375,1.0016254694243596,0,1,3.5682,3.574,mexc,ramzinex,32.04
2023-12-23 14:53:11,0,0,NOBITEX-RAMZINEX,MATICUSDT,363,0.8399,0.8397,0.8432,0.84,82544.7,38610.76,1235.52,1235.52,0.1235519999999864,1.0001190617930706,0,1,0.8399,0.84,mexc,ramzinex,1235.52
2023-12-23 14:53:11,0,0,NOBITEX-RAMZINEX,USTCUSDT,393,0.03587,0.03584,0.065,0.053858,146140.52,125271.03,368,100,1.7988000000000004,1.5014775578477837,0,1,0.03587,0.053858,mexc,ramzinex,100.0
2023-12-23 14:53:11,0,0,NOBITEX-RAMZINEX,BSVUSDT,182,49.5051,49.5,49.3,33.31,201.97282,18.27134,0.10055,2.66968,0.020110000000000287,1.004056795131846,0,1,49.3,49.5,ramzinex,mexc,0.10055
2023-12-23 14:53:11,0,0,NOBITEX-RAMZINEX,CAKEUSDT,194,2.552,2.551,2.55,2.52,853.86,2751.5,35.79,151.87,0.03579000000001195,1.0003921568627452,0,1,2.55,2.551,ramzinex,mexc,35.79
2023-12-23 14:53:16,0,0,NOBITEX-RAMZINEX,AAVEUSDT,37,95.77,95.75,97.3,96.4,11.15,3.863,6.1875,7.242187,4.56257781000007,1.006578260415579,0,1,95.77,96.4,mexc,ramzinex,7.242187
2023-12-23 14:53:16,0,0,NOBITEX-RAMZINEX,FTTUSDT,362,3.5682,3.5673,3.592,3.574,32.04,30.11,400,326.213,0.18583199999999375,1.0016254694243596,0,1,3.5682,3.574,mexc,ramzinex,32.04
2023-12-23 14:53:16,0,0,NOBITEX-RAMZINEX,MATICUSDT,363,0.8399,0.8398,0.8432,0.84,18050.4,79861.5,1235.52,1235.52,0.1235519999999864,1.0001190617930706,0,1,0.8399,0.84,mexc,ramzinex,1235.52
2023-12-23 14:53:16,0,0,NOBITEX-RAMZINEX,USTCUSDT,393,0.03588,0.03585,0.065,0.053858,161860.25,140931.39,368,100,1.7978,1.5010590858416946,0,1,0.03588,0.053858,mexc,ramzinex,100.0
2023-12-23 14:53:16,0,0,NOBITEX-RAMZINEX,COMPUSDT,170,52.4,52.38,52.89,52.41,40.78,52.707,8.25,12.065624,0.12065623999997599,1.0001908396946564,0,1,52.4,52.41,mexc,ramzinex,12.065624
2023-12-23 14:53:16,0,0,NOBITEX-RAMZINEX,BSVUSDT,182,49.5051,49.5,49.3,33.31,104.52672,18.27134,0.10055,2.66968,0.020110000000000287,1.004056795131846,0,1,49.3,49.5,ramzinex,mexc,0.10055
2023-12-23 14:53:16,0,0,NOBITEX-RAMZINEX,CAKEUSDT,194,2.552,2.551,2.55,2.52,853.86,1323.86,35.79,151.87,0.03579000000001195,1.0003921568627452,0,1,2.55,2.551,ramzinex,mexc,35.79
2023-12-23 14:53:22,0,0,NOBITEX-RAMZINEX,AAVEUSDT,37,95.76,95.75,97.3,96.4,5.954,11.853,6.1875,7.242187,3.8105600000000033,1.0066833751044277,0,1,95.76,96.4,mexc,ramzinex,5.954
2023-12-23 14:53:22,0,0,NOBITEX-RAMZINEX,FTTUSDT,362,3.5685,3.5673,3.592,3.574,150.0,30.11,400,326.213,0.8250000000000091,1.001541263836346,0,1,3.5685,3.574,mexc,ramzinex,150.0
2023-12-23 14:53:22,0,0,NOBITEX-RAMZINEX,USTCUSDT,393,0.0359,0.03587,0.065,0.053858,120660.08,158422.39,368,100,1.7958000000000003,1.5002228412256269,0,1,0.0359,0.053858,mexc,ramzinex,100.0
2023-12-23 14:53:22,0,0,NOBITEX-RAMZINEX,COMPUSDT,170,52.4,52.38,52.89,52.41,40.78,78.924,8.25,12.065624,0.12065623999997599,1.0001908396946564,0,1,52.4,52.41,mexc,ramzinex,12.065624
2023-12-23 14:53:22,0,0,NOBITEX-RAMZINEX,BSVUSDT,182,49.5051,49.5,49.3,33.31,111.27564,18.27134,0.10055,2.66968,0.020110000000000287,1.004056795131846,0,1,49.3,49.5,ramzinex,mexc,0.10055
2023-12-23 14:53:22,0,0,NOBITEX-RAMZINEX,CAKEUSDT,194,2.552,2.551,2.55,2.52,853.86,1323.86,35.79,151.87,0.03579000000001195,1.0003921568627452,0,1,2.55,2.551,ramzinex,mexc,35.79
2023-12-23 14:53:27,0,0,NOBITEX-RAMZINEX,AAVEUSDT,37,95.75,95.74,97.3,96.4,13.499,40.08,6.1875,7.242187,4.707421550000041,1.0067885117493474,0,1,95.75,96.4,mexc,ramzinex,7.242187
2023-12-23 14:53:27,0,0,NOBITEX-RAMZINEX,FTTUSDT,362,3.5684,3.5674,3.592,3.574,300.0,30.37,400,326.213,1.6799999999999482,1.001569330792512,0,1,3.5684,3.574,mexc,ramzinex,300.0
2023-12-23 14:53:27,0,0,NOBITEX-RAMZINEX,USTCUSDT,393,0.0359,0.03587,0.065,0.053858,113386.61,158422.39,368,100,1.7958000000000003,1.5002228412256269,0,1,0.0359,0.053858,mexc,ramzinex,100.0
2023-12-23 14:53:27,0,0,NOBITEX-RAMZINEX,BSVUSDT,182,49.505,49.5,49.3,33.31,160.94687,18.27134,0.10055,2.66968,0.020110000000000287,1.004056795131846,0,1,49.3,49.5,ramzinex,mexc,0.10055
2023-12-23 14:53:27,0,0,NOBITEX-RAMZINEX,CAKEUSDT,194,2.552,2.551,2.55,2.52,853.86,1323.86,35.79,151.87,0.03579000000001195,1.0003921568627452,0,1,2.55,2.551,ramzinex,mexc,35.79
2023-12-23 14:53:32,0,0,NOBITEX-RAMZINEX,AAVEUSDT,37,95.74,95.72,97.3,96.4,439.359,11.441,6.1875,7.242187,4.779843420000079,1.0068936703572176,0,1,95.74,96.4,mexc,ramzinex,7.242187
2023-12-23 14:53:32,0,0,NOBITEX-RAMZINEX,FTTUSDT,362,3.5684,3.5674,3.592,3.574,300.0,30.37,400,326.213,1.6799999999999482,1.001569330792512,0,1,3.5684,3.574,mexc,ramzinex,300.0
2023-12-23 14:53:32,0,0,NOBITEX-RAMZINEX,USTCUSDT,393,0.03589,0.03586,0.065,0.053858,142735.62,114384.2,368,100,1.7968000000000004,1.5006408470325998,0,1,0.03589,0.053858,mexc,ramzinex,100.0
2023-12-23 14:53:32,0,0,NOBITEX-RAMZINEX,COMPUSDT,170,52.4,52.39,52.89,52.41,96.789,39.156,8.25,12.065624,0.12065623999997599,1.0001908396946564,0,1,52.4,52.41,mexc,ramzinex,12.065624
2023-12-23 14:53:32,0,0,NOBITEX-RAMZINEX,BSVUSDT,182,49.5051,49.5,49.3,33.31,168.33008,18.27134,0.10055,2.66968,0.020110000000000287,1.004056795131846,0,1,49.3,49.5,ramzinex,mexc,0.10055
2023-12-23 14:53:32,0,0,NOBITEX-RAMZINEX,CAKEUSDT,194,2.552,2.551,2.55,2.52,847.04,1324.52,35.79,151.87,0.03579000000001195,1.0003921568627452,0,1,2.55,2.551,ramzinex,mexc,35.79
2023-12-23 14:53:37,0,0,NOBITEX-RAMZINEX,AAVEUSDT,37,95.76,95.74,97.3,96.4,0.119,432.609,6.1875,7.242187,0.07616000000000006,1.0066833751044277,0,1,95.76,96.4,mexc,ramzinex,0.119
2023-12-23 14:53:37,0,0,NOBITEX-RAMZINEX,FTTUSDT,362,3.5684,3.5674,3.592,3.574,300.0,30.37,400,326.213,1.6799999999999482,1.001569330792512,0,1,3.5684,3.574,mexc,ramzinex,300.0
2023-12-23 14:53:37,0,0,NOBITEX-RAMZINEX,USTCUSDT,393,0.03589,0.03586,0.065,0.053858,142735.62,114384.2,368,100,1.7968000000000004,1.5006408470325998,0,1,0.03589,0.053858,mexc,ramzinex,100.0
2023-12-23 14:53:37,0,0,NOBITEX-RAMZINEX,COMPUSDT,170,52.4,52.39,52.89,52.41,199.164,39.156,8.25,12.065624,0.12065623999997599,1.0001908396946564,0,1,52.4,52.41,mexc,ramzinex,12.065624
2023-12-23 14:53:37,0,0,NOBITEX-RAMZINEX,BSVUSDT,182,49.5051,49.5,49.3,33.31,195.40193,18.27134,0.10055,2.66968,0.020110000000000287,1.004056795131846,0,1,49.3,49.5,ramzinex,mexc,0.10055
2023-12-23 14:53:37,0,0,NOBITEX-RAMZINEX,CAKEUSDT,194,2.552,2.551,2.55,2.52,847.04,1324.52,35.79,151.87,0.03579000000001195,1.0003921568627452,0,1,2.55,2.551,ramzinex,mexc,35.79
2023-12-23 14:53:43,0,0,NOBITEX-RAMZINEX,AAVEUSDT,37,95.77,95.74,97.3,96.4,38.41,23.774,6.1875,7.242187,4.56257781000007,1.006578260415579,0,1,95.77,96.4,mexc,ramzinex,7.242187
2023-12-23 14:53:43,0,0,NOBITEX-RAMZINEX,FTTUSDT,362,3.5684,3.5674,3.592,3.574,300.0,32.71,400,326.213,1.6799999999999482,1.001569330792512,0,1,3.5684,3.574,mexc,ramzinex,300.0
2023-12-23 14:53:43,0,0,NOBITEX-RAMZINEX,USTCUSDT,393,0.03589,0.03586,0.065,0.053858,142735.62,114384.2,368,100,1.7968000000000004,1.5006408470325998,0,1,0.03589,0.053858,mexc,ramzinex,100.0
2023-12-23 14:53:43,0,0,NOBITEX-RAMZINEX,COMPUSDT,170,52.4,52.39,52.89,52.41,96.789,39.156,8.25,12.065624,0.12065623999997599,1.0001908396946564,0,1,52.4,52.41,mexc,ramzinex,12.065624
2023-12-23 14:53:43,0,0,NOBITEX-RAMZINEX,BSVUSDT,182,49.5051,49.5,49.3,33.31,156.76477,18.27134,0.10055,2.66968,0.020110000000000287,1.004056795131846,0,1,49.3,49.5,ramzinex,mexc,0.10055
2023-12-23 14:53:43,0,0,NOBITEX-RAMZINEX,CAKEUSDT,194,2.552,2.551,2.55,2.52,847.04,1324.52,35.79,151.87,0.03579000000001195,1.0003921568627452,0,1,2.55,2.551,ramzinex,mexc,35.79
2023-12-23 14:53:47,0,0,NOBITEX-RAMZINEX,AAVEUSDT,37,95.75,95.73,97.3,96.4,12.827,431.841,6.1875,7.242187,4.707421550000041,1.0067885117493474,0,1,95.75,96.4,mexc,ramzinex,7.242187
2023-12-23 14:53:47,0,0,NOBITEX-RAMZINEX,FTTUSDT,362,3.5684,3.5674,3.592,3.574,300.0,32.71,400,326.213,1.6799999999999482,1.001569330792512,0,1,3.5684,3.574,mexc,ramzinex,300.0
2023-12-23 14:53:47,0,0,NOBITEX-RAMZINEX,USTCUSDT,393,0.0359,0.03587,0.065,0.053858,117273.86,144147.12,368,100,1.7958000000000003,1.5002228412256269,0,1,0.0359,0.053858,mexc,ramzinex,100.0
2023-12-23 14:53:47,0,0,NOBITEX-RAMZINEX,COMPUSDT,170,52.4,52.39,52.89,52.41,96.789,39.156,8.25,12.065624,0.12065623999997599,1.0001908396946564,0,1,52.4,52.41,mexc,ramzinex,12.065624
2023-12-23 14:53:47,0,0,NOBITEX-RAMZINEX,BSVUSDT,182,49.505,49.5,49.3,33.31,119.77967,18.27134,0.10055,2.66968,0.020110000000000287,1.004056795131846,0,1,49.3,49.5,ramzinex,mexc,0.10055
2023-12-23 14:53:47,0,0,NOBITEX-RAMZINEX,CAKEUSDT,194,2.553,2.552,2.55,2.52,10596.36,808.66,35.79,151.87,0.07158000000000801,1.0007843137254904,0,1,2.55,2.552,ramzinex,mexc,35.79
2023-12-23 14:53:51,0,0,NOBITEX-RAMZINEX,AAVEUSDT,37,95.75,95.73,97.3,96.4,428.349,6.358,6.1875,7.242187,4.707421550000041,1.0067885117493474,0,1,95.75,96.4,mexc,ramzinex,7.242187
2023-12-23 14:53:51,0,0,NOBITEX-RAMZINEX,FTTUSDT,362,3.5684,3.5674,3.592,3.574,300.0,32.71,400,326.213,1.6799999999999482,1.001569330792512,0,1,3.5684,3.574,mexc,ramzinex,300.0
2023-12-23 14:53:51,0,0,NOBITEX-RAMZINEX,USTCUSDT,393,0.03589,0.03586,0.065,0.053858,141592.74,114384.2,368,100,1.7968000000000004,1.5006408470325998,0,1,0.03589,0.053858,mexc,ramzinex,100.0
2023-12-23 14:53:51,0,0,NOBITEX-RAMZINEX,COMPUSDT,170,52.4,52.39,52.89,52.41,96.789,39.156,8.25,12.065624,0.12065623999997599,1.0001908396946564,0,1,52.4,52.41,mexc,ramzinex,12.065624
2023-12-23 14:53:51,0,0,NOBITEX-RAMZINEX,BSVUSDT,182,49.505,49.5,49.3,33.31,139.53499,18.27134,0.10055,2.66968,0.020110000000000287,1.004056795131846,0,1,49.3,49.5,ramzinex,mexc,0.10055
2023-12-23 14:53:51,0,0,NOBITEX-RAMZINEX,CAKEUSDT,194,2.553,2.552,2.55,2.52,10596.36,808.66,35.79,151.87,0.07158000000000801,1.0007843137254904,0,1,2.55,2.552,ramzinex,mexc,35.79
2023-12-23 14:53:55,0,0,NOBITEX-RAMZINEX,AAVEUSDT,37,95.76,95.74,97.3,96.4,8.747,428.732,6.1875,7.242187,4.634999680000004,1.0066833751044277,0,1,95.76,96.4,mexc,ramzinex,7.242187
2023-12-23 14:53:55,0,0,NOBITEX-RAMZINEX,FTTUSDT,362,3.5684,3.5675,3.592,3.574,300.0,28.1,400,326.213,1.6799999999999482,1.001569330792512,0,1,3.5684,3.574,mexc,ramzinex,300.0
2023-12-23 14:53:55,0,0,NOBITEX-RAMZINEX,USTCUSDT,393,0.0359,0.03587,0.065,0.053858,130200.79,147148.08,368,100,1.7958000000000003,1.5002228412256269,0,1,0.0359,0.053858,mexc,ramzinex,100.0
2023-12-23 14:53:55,0,0,NOBITEX-RAMZINEX,COMPUSDT,170,52.4,52.39,52.89,52.41,96.789,39.156,8.25,12.065624,0.12065623999997599,1.0001908396946564,0,1,52.4,52.41,mexc,ramzinex,12.065624
2023-12-23 14:53:55,0,0,NOBITEX-RAMZINEX,BSVUSDT,182,49.5051,49.5,49.3,33.31,202.02917,18.27134,0.10055,2.66968,0.020110000000000287,1.004056795131846,0,1,49.3,49.5,ramzinex,mexc,0.10055
2023-12-23 14:53:55,0,0,NOBITEX-RAMZINEX,CAKEUSDT,194,2.553,2.552,2.55,2.52,10596.36,808.66,35.79,151.87,0.07158000000000801,1.0007843137254904,0,1,2.55,2.552,ramzinex,mexc,35.79
2023-12-23 14:53:55,0,0,NOBITEX-RAMZINEX,SOLUSDT,218,94.99,94.97,95.9,95.03,811.52,44.98,20.475,18.45,0.7380000000001153,1.0004210969575746,0,1,94.99,95.03,mexc,ramzinex,18.45
2023-12-23 14:54:00,0,0,NOBITEX-RAMZINEX,AAVEUSDT,37,95.75,95.73,97.3,96.4,6.478,419.265,6.1875,7.242187,4.2107000000000365,1.0067885117493474,0,1,95.75,96.4,mexc,ramzinex,6.478
2023-12-23 14:54:00,0,0,NOBITEX-RAMZINEX,FTTUSDT,362,3.5684,3.5674,3.592,3.574,300.0,32.71,400,326.213,1.6799999999999482,1.001569330792512,0,1,3.5684,3.574,mexc,ramzinex,300.0
2023-12-23 14:54:00,0,0,NOBITEX-RAMZINEX,USTCUSDT,393,0.03589,0.03586,0.065,0.053858,142755.89,114384.2,368,100,1.7968000000000004,1.5006408470325998,0,1,0.03589,0.053858,mexc,ramzinex,100.0
2023-12-23 14:54:00,0,0,NOBITEX-RAMZINEX,COMPUSDT,170,52.38,52.37,52.89,52.41,40.617,38.544,8.25,12.065624,0.36196871999992797,1.0005727376861395,0,1,52.38,52.41,mexc,ramzinex,12.065624
2023-12-23 14:54:00,0,0,NOBITEX-RAMZINEX,BSVUSDT,182,49.5001,49.5,49.3,33.31,186.42187,18.27134,0.10055,2.66968,0.020110000000000287,1.004056795131846,0,1,49.3,49.5,ramzinex,mexc,0.10055
2023-12-23 14:54:00,0,0,NOBITEX-RAMZINEX,CAKEUSDT,194,2.552,2.551,2.55,2.52,909.55,3181.66,35.79,151.87,0.03579000000001195,1.0003921568627452,0,1,2.55,2.551,ramzinex,mexc,35.79
2023-12-23 14:54:00,0,0,NOBITEX-RAMZINEX,SOLUSDT,218,94.95,94.93,95.9,95.03,817.63,81.45,20.475,18.45,1.4759999999999684,1.0008425487098473,0,1,94.95,95.03,mexc,ramzinex,18.45
